<?xml version="1.0" encoding="utf-8" standalone="no" ?>
<modDesc descVersion="64">
    <author>modelleicher (Farming Agency)</author>
    <version>0.9.0.3 FS22</version>
    <title>
        <de>SimpleIC - Einfaches Interactive Control</de>
		<en>SimpleIC - Easy Interactive Control</en>
    </title>
    <description>
        <de>
<![CDATA[Globaler Mod für einfaches Interactives Control]]>
        </de>
	<en>
<![CDATA[Global Mod for simple interactive control]]>
	</en>
    </description>

	<iconFilename>store.dds</iconFilename>

    <multiplayer supported="true"/>
	
    <extraSourceFiles>
        <sourceFile filename="registerSimpleIC.lua"/>
    </extraSourceFiles>
	
	<inputBinding>
		<actionBinding action="TOGGLE_ONOFF">
			<binding device="KB_MOUSE_DEFAULT" input="KEY_less" />
		</actionBinding>	
		<actionBinding action="INTERACT_IC_VEHICLE">
			<binding device="KB_MOUSE_DEFAULT" input="MOUSE_BUTTON_LEFT" />
		</actionBinding>
		<actionBinding action="INTERACT_IC_ONFOOT">
			<binding device="KB_MOUSE_DEFAULT" input="MOUSE_BUTTON_LEFT" />
		</actionBinding>	
    </inputBinding>	
	
	<l10n>		
		<text name="input_TOGGLE_ONOFF"><de>IC: an/aus schalten</de><en>IC: on/off</en></text>	
		<text name="input_INTERACT_IC_VEHICLE"><de>IC: Interagieren vehicle</de><en>IC: interact vehicle</en></text>	
		<text name="input_INTERACT_IC_ONFOOT"><de>IC: Interagieren zu Fuß</de><en>IC: interact on foot</en></text>	

		<text name="title_simpleIC"><de>Simple IC</de><en>Simple IC</en></text>	
		<text name="setting_simpleIC"><de>Triggerpunkte Modus</de><en>Triggerpoint Mode</en></text>	
		<text name="toolTip_simpleIC"><de>Die Einstellung legt fest wie die Triggerpunkte eingeblendet werden.</de><en>How the Triggerpoints are supposed to be displayed.</en></text>		

		<text name="setting_simpleICTimerActivation"><de>Timer-Aktivierung</de><en>Timer Activation</en></text>	
		<text name="toolTip_simpleICTimerActivation"><de>In dieser Einstellung können IC-Funktionen durch drüber Hovern per Timer aktiviert werden anstatt per Tasten/Mausklick.</de><en>With this Setting IC-Functions can be activated via Timer while hovering on them instead of button/mouse pressing.</en></text>				

		<text name="setting_simpleICTimerActivationTime"><de>Timer-Aktivierung Timer-Zeit</de><en>Timer Activation Timer</en></text>	
		<text name="toolTip_simpleICTimerActivationTime"><de>Die Zeit wie lange über ein Triggerpunkt gehovert werden muss um die IC-Funktion zu aktivieren..</de><en>Time how long a Triggerpoint needs to be hovered over for activate IC-Function.</en></text>				

		<text name="selection_simpleIC_alwaysOn"><de>Immer An</de><en>Always On</en></text>	
		<text name="selection_simpleIC_button"><de>Taste</de><en>Button</en></text>
		<text name="selection_simpleIC_hover"><de>Hover</de><en>Hover</en></text>
		<text name="selection_simpleIC_alwaysOff"><de>Immer aus</de><en>Always Off</en></text>

		<text name="selection_timerActivation_on"><de>Angeschaltet</de><en>Turned On</en></text>
		<text name="selection_timerActivation_off"><de>Ausgeschaltet</de><en>Turned Off</en></text>

		<text name="selection_timerActivationTime_1"><de>500ms</de><en>500ms</en></text>
		<text name="selection_timerActivationTime_2"><de>1000ms</de><en>1000ms</en></text>
		<text name="selection_timerActivationTime_3"><de>1500ms</de><en>1500ms</en></text>
		<text name="selection_timerActivationTime_4"><de>2000ms</de><en>2000ms</en></text>
		<text name="selection_timerActivationTime_5"><de>2500ms</de><en>2500ms</en></text>
		<text name="selection_timerActivationTime_6"><de>3000ms</de><en>3000ms</en></text>
		<text name="selection_timerActivationTime_7"><de>4000ms</de><en>4000ms</en></text>
	</l10n>
	<actions>
		<action name="TOGGLE_ONOFF" />
		<action name="INTERACT_IC_VEHICLE" />
		<action name="INTERACT_IC_ONFOOT" />
	</actions>
	
</modDesc>